address,area_id,area_name,link,agent_name,agent_company
133 Cannons Close Bishops Stortford Hertfordshire CM23 2BJ,130,East Hertfordshire,https://www.planit.org.uk/planapplic/EastHertfordshire/3/24/1432/CLPO/,,
Camelot 9 Church End Braughing Hertfordshire SG11 2QA,130,East Hertfordshire,https://www.planit.org.uk/planapplic/EastHertfordshire/3/24/1437/HH/,,
46 Durrants Lane Northchurch Berkhamsted Hertfordshire HP4 3PL,129,Dacorum,https://www.planit.org.uk/planapplic/Dacorum/24/01745/FHA/,,
St Andrews Church Church Lane Much Hadham Hertfordshire SG10 6DH,130,East Hertfordshire,https://www.planit.org.uk/planapplic/EastHertfordshire/3/24/1435/FUL/,,
Green Acre Stoney Lane Bovingdon Hemel Hempstead Hertfordshire HP3 0DP,129,Dacorum,https://www.planit.org.uk/planapplic/Dacorum/24/01752/FHA/,,
27 Winstre Road Borehamwood Hertfordshire WD6 5DR,131,Hertsmere,https://www.planit.org.uk/planapplic/Hertsmere/24/0994/HSE/,,
3 Handside Close Welwyn Garden City AL8 6SR,137,Welwyn Hatfield,https://www.planit.org.uk/planapplic/WelwynHatfield/6/2024/1458/TC/,,
37 Penscroft Gardens Borehamwood Hertfordshire WD6 2QZ,131,Hertsmere,https://www.planit.org.uk/planapplic/Hertsmere/24/0996/MA/,,
Barn Adjacent To Forge Cottage White Hill Cromer Hertfordshire SG2 7QA,130,East Hertfordshire,https://www.planit.org.uk/planapplic/EastHertfordshire/X/24/0328/CND/,,
47 Featherstone Gardens Borehamwood Hertfordshire WD6 2LP,131,Hertsmere,https://www.planit.org.uk/planapplic/Hertsmere/24/0998/HSE/,,
British Natural History Museum Akeman Street Tring Hertfordshire HP23 6AP,129,Dacorum,https://www.planit.org.uk/planapplic/Dacorum/24/01747/LBC/,,
Roebuck Retail Park London Road Stevenage Hertfordshire SG1 1XZ,134,Stevenage,https://www.planit.org.uk/planapplic/Stevenage/24/00547/NMA/,,
Orchard Cottage Pipers End Hertford Hertfordshire SG14 2PB,130,East Hertfordshire,https://www.planit.org.uk/planapplic/EastHertfordshire/3/24/1438/NMA/,,
Land Outside 26 North Avenue North Avenue Letchworth Garden City Hertfordshire SG6 1DJ,132,North Hertfordshire,https://www.planit.org.uk/planapplic/NorthHertfordshire/24/01705/EC/,,
Parcel D - Land At Bishops Stortford South (BISH5) Off Whittington Way Bishops Stortford Hertfordshire,130,East Hertfordshire,https://www.planit.org.uk/planapplic/EastHertfordshire/3/24/1436/NMA/,,
5 Albanwood Watford WD25 7BZ,136,Watford,https://www.planit.org.uk/planapplic/Watford/24/00734/LDC/,,
Street Record Chenies Court Hemel Hempstead Hertfordshire,129,Dacorum,https://www.planit.org.uk/planapplic/Dacorum/24/01755/FUL/,,
21 Barnfield Hemel Hempstead Hertfordshire HP3 9QH,129,Dacorum,https://www.planit.org.uk/planapplic/Dacorum/24/01761/HPA/,,
102 Gaunts Way Letchworth Garden City Hertfordshire SG6 4PN,132,North Hertfordshire,https://www.planit.org.uk/planapplic/NorthHertfordshire/24/01708/NMA/,,
Blue Shield House Queen Street Tring Hertfordshire HP23 6BQ,129,Dacorum,https://www.planit.org.uk/planapplic/Dacorum/24/01754/FUL/,,
Former Little Furze Junior Mixed Infants School Gosforth Lane South Oxhey Hertfordshire,135,Three Rivers,https://www.planit.org.uk/planapplic/ThreeRivers/24/1222/NMA/,,
Autolus Marshgate Stevenage Herts SG1 1FR,134,Stevenage,https://www.planit.org.uk/planapplic/Stevenage/24/00550/FP/,,
10 Parkway Gardens Welwyn Garden City AL8 6JW,137,Welwyn Hatfield,https://www.planit.org.uk/planapplic/WelwynHatfield/6/2024/1461/TC/,,
10 Cameron Close Stevenage Herts SG2 0HG,134,Stevenage,https://www.planit.org.uk/planapplic/Stevenage/24/00546/TPTPO/,,
Longwood 4 The Warren Radlett Hertfordshire WD7 7DX,131,Hertsmere,https://www.planit.org.uk/planapplic/Hertsmere/24/0999/TPO/,,
1 Noons Cottages Beanfield Road High Wych Hertfordshire CM21 0LH,130,East Hertfordshire,https://www.planit.org.uk/planapplic/EastHertfordshire/X/24/0327/CND/,,
133 Cannons Close Bishops Stortford Hertfordshire CM23 2BJ,130,East Hertfordshire,https://www.planit.org.uk/planapplic/EastHertfordshire/3/24/1431/HH/,,
7 Attimore Close Welwyn Garden City AL8 6LN,137,Welwyn Hatfield,https://www.planit.org.uk/planapplic/WelwynHatfield/6/2024/1456/TC/,,
Lytton Way Stevenage Herts,134,Stevenage,https://www.planit.org.uk/planapplic/Stevenage/24/00548/AD/,,
156 High Street Watford WD17 2EN,136,Watford,https://www.planit.org.uk/planapplic/Watford/24/00733/DISCON/,,
19 Leys Avenue Letchworth Garden City Hertfordshire SG6 3EB,132,North Hertfordshire,https://www.planit.org.uk/planapplic/NorthHertfordshire/24/01637/PNMA/,,
25 Albert Street Tring Hertfordshire HP23 6AX,129,Dacorum,https://www.planit.org.uk/planapplic/Dacorum/24/01751/LDP/,,
27 The Broadway Hatfield AL9 5HZ,137,Welwyn Hatfield,https://www.planit.org.uk/planapplic/WelwynHatfield/6/2024/1450/TC/,,
147A St Albans Road Watford WD24 5BB,136,Watford,https://www.planit.org.uk/planapplic/Watford/24/00728/LBC/,,
102 - 104 Fore Street Hertford Hertfordshire SG14 1AB,130,East Hertfordshire,https://www.planit.org.uk/planapplic/EastHertfordshire/3/24/1429/LBC/,,
4 Bury Lane Datchworth Hertfordshire SG3 6ST,130,East Hertfordshire,https://www.planit.org.uk/planapplic/EastHertfordshire/X/24/0325/CND/,,
147A St Albans Road Watford WD24 5BB,136,Watford,https://www.planit.org.uk/planapplic/Watford/24/00727/FUL/,,
5 High Elms Cottages Woodside Road Abbots Langley Watford Hertfordshire WD25 0LA,135,Three Rivers,https://www.planit.org.uk/planapplic/ThreeRivers/24/1217/PDE/,,
9 Sollershott West Letchworth Garden City Hertfordshire SG6 3PU,132,North Hertfordshire,https://www.planit.org.uk/planapplic/NorthHertfordshire/24/01586/FPH/,,
11 - 19 Town Square Town Centre Stevenage Herts SG1 1BP,134,Stevenage,https://www.planit.org.uk/planapplic/Stevenage/24/00544/FP/,,
1 West End Ashwell Baldock Hertfordshire SG7 5PH,132,North Hertfordshire,https://www.planit.org.uk/planapplic/NorthHertfordshire/24/01689/TCA/,,
3 West Lodge Park Road Tring Hertfordshire HP23 6BU,129,Dacorum,https://www.planit.org.uk/planapplic/Dacorum/24/01739/TCA/,,
61 The Drive Rickmansworth Hertfordshire WD3 4EA,135,Three Rivers,https://www.planit.org.uk/planapplic/ThreeRivers/24/1215/NMA/,,
1 Swanhill Welwyn Garden City AL7 1PB,137,Welwyn Hatfield,https://www.planit.org.uk/planapplic/WelwynHatfield/6/2024/1445/EM/,,
12 Westholm Letchworth Garden City Hertfordshire SG6 4JB,132,North Hertfordshire,https://www.planit.org.uk/planapplic/NorthHertfordshire/24/01453/FPH/,,
Land Adjacent To Meadow View Cottages Cold Christmas Lane Thundridge Hertfordshire,130,East Hertfordshire,https://www.planit.org.uk/planapplic/EastHertfordshire/X/24/0326/CND/,,
3 Parkside Drive Watford WD17 3AS,136,Watford,https://www.planit.org.uk/planapplic/Watford/24/00731/FULH/,,
26 Hempstead Lane Potten End Berkhamsted Hertfordshire HP4 2SD,129,Dacorum,https://www.planit.org.uk/planapplic/Dacorum/24/01742/ROC/,,
Saxon House 21 The Chilterns Hitchin Hertfordshire SG4 9PP,132,North Hertfordshire,https://www.planit.org.uk/planapplic/NorthHertfordshire/24/01518/FPH/,,
"The Haywards, The Lawns Drive, Broxbourne, Hertfordshire, EN10 7BU",128,Broxbourne,https://www.planit.org.uk/planapplic/Broxbourne/07/24/0638/TW/,,
102 - 104 Fore Street Hertford Hertfordshire SG14 1AB,130,East Hertfordshire,https://www.planit.org.uk/planapplic/EastHertfordshire/3/24/1428/FUL/,,
34 Granby Road Stevenage Herts SG1 4AS,134,Stevenage,https://www.planit.org.uk/planapplic/Stevenage/24/00541/TPTPO/,,
10 Princes Close Berkhamsted Hertfordshire HP4 1JS,129,Dacorum,https://www.planit.org.uk/planapplic/Dacorum/24/01731/LDP/,,
23 Bray Drive Stevenage Herts,134,Stevenage,https://www.planit.org.uk/planapplic/Stevenage/24/00543/FPH/,,
2 Rose Lawn Bushey Heath Bushey Hertfordshire WD23 1HW,131,Hertsmere,https://www.planit.org.uk/planapplic/Hertsmere/24/0988/HSE/,,
3 Bury Mead Road Hitchin Hertfordshire SG5 1RT,132,North Hertfordshire,https://www.planit.org.uk/planapplic/NorthHertfordshire/24/01617/FP/,,
"Forest View, 65 Dewhurst Road, Cheshunt, Hertfordshire, EN8 9PG",128,Broxbourne,https://www.planit.org.uk/planapplic/Broxbourne/07/24/0636/HF/,,
Land North Of Little Green Lane And West Of Rousebarn Lane Croxley Green Hertfordshire,135,Three Rivers,https://www.planit.org.uk/planapplic/ThreeRivers/24/1220/EIA/,,
85 Hempstead Road Kings Langley Hertfordshire WD4 8BS,129,Dacorum,https://www.planit.org.uk/planapplic/Dacorum/24/01743/FHA/,,
25 Downlands Baldock Hertfordshire SG7 6SY,132,North Hertfordshire,https://www.planit.org.uk/planapplic/NorthHertfordshire/24/01572/FPH/,,
Linden Court Byways Berkhamsted Hertfordshire HP4 2GF,129,Dacorum,https://www.planit.org.uk/planapplic/Dacorum/24/01738/FHA/,,
18 Wimborne Grove Watford WD17 4JF,136,Watford,https://www.planit.org.uk/planapplic/Watford/24/00732/FULH/,,
127 Sweet Briar Welwyn Garden City AL7 3EB,137,Welwyn Hatfield,https://www.planit.org.uk/planapplic/WelwynHatfield/6/2024/1449/TC/,,
"38 Clarendon Road, Cheshunt, Hertfordshire, EN8 9DJ",128,Broxbourne,https://www.planit.org.uk/planapplic/Broxbourne/07/24/0631/HF/,,
8 Maple Lodge Close Maple Cross Rickmansworth Hertfordshire WD3 9SN,135,Three Rivers,https://www.planit.org.uk/planapplic/ThreeRivers/24/1214/FUL/,,
2 Coniston Road Kings Langley Hertfordshire WD4 8BU,129,Dacorum,https://www.planit.org.uk/planapplic/Dacorum/24/01744/DRC/,,
Barkers Foxdells Lane Bishops Stortford Hertfordshire CM23 2JB,130,East Hertfordshire,https://www.planit.org.uk/planapplic/EastHertfordshire/3/24/1421/PNHH/,,
92 Mildred Avenue Watford WD18 7DX,136,Watford,https://www.planit.org.uk/planapplic/Watford/24/00729/LDC/,,
"Belmont, Barrow Lane, Cheshunt, Hertfordshire, EN7 5LN",128,Broxbourne,https://www.planit.org.uk/planapplic/Broxbourne/07/24/0637/HF/,,
"73 Dudley Avenue, Waltham Cross, Hertfordshire, EN8 8RN",128,Broxbourne,https://www.planit.org.uk/planapplic/Broxbourne/07/24/0633/HF/,,
10 Haywood Park Chorleywood Rickmansworth Hertfordshire WD3 5DR,135,Three Rivers,https://www.planit.org.uk/planapplic/ThreeRivers/24/1218/FUL/,,
11 Garston Lane Watford WD25 9QN,136,Watford,https://www.planit.org.uk/planapplic/Watford/24/00730/LDC/,,
Land east of Brittania Road Waltham Cross EN8 7PD,128,Broxbourne,https://www.planit.org.uk/planapplic/Broxbourne/07/24/0632/F/,,
"The Hilltops, 454 Goffs Lane, Goffs Oak, Hertfordshire, EN7 5EN",128,Broxbourne,https://www.planit.org.uk/planapplic/Broxbourne/07/24/0634/F/,,
47 High Street Barkway Royston Hertfordshire SG8 8EB,132,North Hertfordshire,https://www.planit.org.uk/planapplic/NorthHertfordshire/24/01697/TCA/,,
"161 Russells Ride, Cheshunt, Hertfordshire, EN8 8UD",128,Broxbourne,https://www.planit.org.uk/planapplic/Broxbourne/07/24/0630/HF/,,
Goldings Rare Breed Farm Bramfield Road Hertford SG14 2HZ,130,East Hertfordshire,https://www.planit.org.uk/planapplic/EastHertfordshire/3/24/1427/AGPN/,,
25 The Rise Elstree Borehamwood Hertfordshire WD6 3JR,131,Hertsmere,https://www.planit.org.uk/planapplic/Hertsmere/24/0993/VOC/,,
2 Walnut Court Welwyn Garden City AL7 4EZ,137,Welwyn Hatfield,https://www.planit.org.uk/planapplic/WelwynHatfield/6/2024/1453/EM/,,
2 Rose Lawn Bushey Heath Bushey Hertfordshire WD23 1HW,131,Hertsmere,https://www.planit.org.uk/planapplic/Hertsmere/24/0989/TRC/,,
Moor Hall Farm Moor Green Ardeley Hertfordshire SG2 7AT,130,East Hertfordshire,https://www.planit.org.uk/planapplic/EastHertfordshire/X/24/0324/CND/,,
Tal-y-llyn Crawleys Lane Wigginton Tring Hertfordshire HP23 6FF,129,Dacorum,https://www.planit.org.uk/planapplic/Dacorum/24/01737/ROC/,,
Stone Hall Thorley Lane East Thorley Bishops Stortford Hertfordshire CM23 4BH,130,East Hertfordshire,https://www.planit.org.uk/planapplic/EastHertfordshire/3/24/1409/HH/,,
3 Abstacle Hill Tring Hertfordshire HP23 4DA,129,Dacorum,https://www.planit.org.uk/planapplic/Dacorum/24/01721/FHA/,,
Stone Hall Thorley Lane East Thorley Bishops Stortford Hertfordshire CM23 4BH,130,East Hertfordshire,https://www.planit.org.uk/planapplic/EastHertfordshire/3/24/1410/LBC/,,
Land Near Mayfield Kimpton Road Oakhills Hertfordshire AL6 9NN,132,North Hertfordshire,https://www.planit.org.uk/planapplic/NorthHertfordshire/24/01525/EC/,,
16 Bushey Grove Road Bushey Hertfordshire WD23 2JQ,131,Hertsmere,https://www.planit.org.uk/planapplic/Hertsmere/24/0984/CLP/,,
Land At Church Wood Three Houses Lane Codicote Hertfordshire,132,North Hertfordshire,https://www.planit.org.uk/planapplic/NorthHertfordshire/24/01002/FP/,,
10 Gilpins Ride Berkhamsted Hertfordshire HP4 2PD,129,Dacorum,https://www.planit.org.uk/planapplic/Dacorum/24/01728/FHA/,,
16 Bushey Grove Road Bushey Hertfordshire WD23 2JQ,131,Hertsmere,https://www.planit.org.uk/planapplic/Hertsmere/24/0985/HSE/,,
25 Christchurch Road Tring Hertfordshire HP23 4EE,129,Dacorum,https://www.planit.org.uk/planapplic/Dacorum/24/01725/DRC/,,
Treetops 20a Charlton Road Hitchin Hertfordshire SG5 2AE,132,North Hertfordshire,https://www.planit.org.uk/planapplic/NorthHertfordshire/24/01685/TCA/,,
71 Ridge Lane Watford WD17 4SX,136,Watford,https://www.planit.org.uk/planapplic/Watford/24/00725/TPO/,,
22 Greenwood Drive Watford Hertfordshire WD25 0HT,136,Watford,https://www.planit.org.uk/planapplic/Watford/24/00726/LDC/,,
48 Tudor Drive Watford Hertfordshire WD24 7NT,136,Watford,https://www.planit.org.uk/planapplic/Watford/24/00724/HPD/,,
14 High Street Watton At Stone Hertfordshire SG14 3ST,130,East Hertfordshire,https://www.planit.org.uk/planapplic/EastHertfordshire/3/24/1412/VAR/,,
Land Near 2 Mangrove Green Cockernhoe Hertfordshire LU2 8QE,132,North Hertfordshire,https://www.planit.org.uk/planapplic/NorthHertfordshire/24/01679/EC/,,
6 Old Cross Hertford Hertfordshire SG14 1RB,130,East Hertfordshire,https://www.planit.org.uk/planapplic/EastHertfordshire/3/24/1418/FUL/,,
"Land around Bishops College, Churchgate Cheshunt Hertfordshire EN8 9XP",128,Broxbourne,https://www.planit.org.uk/planapplic/Broxbourne/07/24/0635/TW/,,
98 Cotterells Hemel Hempstead Hertfordshire HP1 1JQ,129,Dacorum,https://www.planit.org.uk/planapplic/Dacorum/24/01726/FUL/,,
6 Old Cross Hertford Hertfordshire SG14 1RB,130,East Hertfordshire,https://www.planit.org.uk/planapplic/EastHertfordshire/3/24/1417/LBC/,,
113a 113 High Road Broxbourne Hertfordshire EN10 7BS,128,Broxbourne,https://www.planit.org.uk/planapplic/Broxbourne/07/24/0629/DRC/,,
6 Old Cross Hertford Hertfordshire SG14 1RB,130,East Hertfordshire,https://www.planit.org.uk/planapplic/EastHertfordshire/3/24/1415/ADV/,,
6 Gaveston Drive Berkhamsted Hertfordshire HP4 1JE,129,Dacorum,https://www.planit.org.uk/planapplic/Dacorum/24/01717/TPO/,,
21 The Avenue Potters Bar Hertfordshire EN6 1EG,131,Hertsmere,https://www.planit.org.uk/planapplic/Hertsmere/24/0987/HSE/,,
48 Kitsbury Road Berkhamsted Hertfordshire HP4 3EA,129,Dacorum,https://www.planit.org.uk/planapplic/Dacorum/24/01719/FHA/,,
Inkerman House 37 Church Road Watford WD17 4PY,136,Watford,https://www.planit.org.uk/planapplic/Watford/24/00722/FULH/,,
12 Fulford Grove South Oxhey Watford Hertfordshire WD19 7QG,135,Three Rivers,https://www.planit.org.uk/planapplic/ThreeRivers/24/1211/PDE/,,
12 Stonelea Road Hemel Hempstead Hertfordshire HP3 9JY,129,Dacorum,https://www.planit.org.uk/planapplic/Dacorum/24/01735/FUL/,,
Kingfisher Nursery White Stubbs Lane Bayford Hertfordshire SG13 8QA,130,East Hertfordshire,https://www.planit.org.uk/planapplic/EastHertfordshire/3/24/1420/PIP/,,
Land At Catlips Farm Berry Lane Chorleywood Hertfordshire WD3 5EU,135,Three Rivers,https://www.planit.org.uk/planapplic/ThreeRivers/24/1213/EIA/,,
97 Pentley Park Welwyn Garden City AL8 7SL,137,Welwyn Hatfield,https://www.planit.org.uk/planapplic/WelwynHatfield/6/2024/1439/EM/,,
66 Hillfield Hatfield AL10 0TU,137,Welwyn Hatfield,https://www.planit.org.uk/planapplic/WelwynHatfield/6/2024/1435/PN8/,,
11 Dawley Welwyn Garden City AL7 1EA,137,Welwyn Hatfield,https://www.planit.org.uk/planapplic/WelwynHatfield/6/2024/1441/EM/,,
Frith Chesham Road Wigginton Tring Hertfordshire HP23 6HH,129,Dacorum,https://www.planit.org.uk/planapplic/Dacorum/24/01718/FHA/,,
Willow Tree Farm Pipers Lane Markyate St Albans Hertfordshire AL3 8QG,129,Dacorum,https://www.planit.org.uk/planapplic/Dacorum/24/01727/FUL/,,
Pingelsgate The Common Chipperfield Kings Langley Hertfordshire WD4 9BN,129,Dacorum,https://www.planit.org.uk/planapplic/Dacorum/24/01715/LDP/,,
9 Holliday Street Berkhamsted Hertfordshire HP4 2EE,129,Dacorum,https://www.planit.org.uk/planapplic/Dacorum/24/01722/TCA/,,
Land Opposite The Orchard Mangrove Green Cockernhoe Hertfordshire LU2 8QE,132,North Hertfordshire,https://www.planit.org.uk/planapplic/NorthHertfordshire/24/01678/EC/,,
41 Bourne End Road Northwood HA6 3BP,135,Three Rivers,https://www.planit.org.uk/planapplic/ThreeRivers/24/1212/RSP/,,
3 Hunters Close Bovingdon Hemel Hempstead Hertfordshire HP3 0NF,129,Dacorum,https://www.planit.org.uk/planapplic/Dacorum/24/01712/FHA/,,
154 Harrow Way Carpenders Park Watford Hertfordshire WD19 5ER,135,Three Rivers,https://www.planit.org.uk/planapplic/ThreeRivers/24/1210/FUL/,,
24 Wrenbrook Road Bishops Stortford Hertfordshire CM23 3PH,130,East Hertfordshire,https://www.planit.org.uk/planapplic/EastHertfordshire/3/24/1416/HH/,,
26 Woodlands Avenue Berkhamsted Hertfordshire HP4 2JQ,129,Dacorum,https://www.planit.org.uk/planapplic/Dacorum/24/01714/FHA/,,
Tyttenhanger Quarry North Orbital Road Colney Heath St Albans Hertfordshire AL4 0RY,131,Hertsmere,https://www.planit.org.uk/planapplic/Hertsmere/24/0983/HCC/,,
2 Boardy Lock Ebberns Road Hemel Hempstead Hertfordshire HP3 9RE,129,Dacorum,https://www.planit.org.uk/planapplic/Dacorum/24/01713/FHA/,,
Christys Albury End Albury Hertfordshire SG11 2HS,130,East Hertfordshire,https://www.planit.org.uk/planapplic/EastHertfordshire/3/24/1411/NMA/,,
12 Waterford Common Waterford Hertfordshire SG14 2QD,130,East Hertfordshire,https://www.planit.org.uk/planapplic/EastHertfordshire/3/24/1414/LBC/,,
12 Waterford Common Waterford Hertfordshire SG14 2QD,130,East Hertfordshire,https://www.planit.org.uk/planapplic/EastHertfordshire/3/24/1413/HH/,,
48 Orchard Drive Chorleywood Rickmansworth Hertfordshire WD3 5QL,135,Three Rivers,https://www.planit.org.uk/planapplic/ThreeRivers/24/1209/FUL/,,
St Pierre Hilfield Lane Aldenham Watford Hertfordshire WD25 8DW,131,Hertsmere,https://www.planit.org.uk/planapplic/Hertsmere/24/0981/HSE/,,
27 Bedford Road Ickleford Hitchin Hertfordshire SG5 3XH,132,North Hertfordshire,https://www.planit.org.uk/planapplic/NorthHertfordshire/24/01601/DOC/,,
Jackson Square Bishops Stortford Hertfordshire CM23 3XH,130,East Hertfordshire,https://www.planit.org.uk/planapplic/EastHertfordshire/3/24/1406/NMA/,,
Reading Room 12 High Street Barkway Royston Hertfordshire SG8 8EE,132,North Hertfordshire,https://www.planit.org.uk/planapplic/NorthHertfordshire/24/01542/FP/,,
"Land Between 15, High Street & Verulam Cottage Flamstead St Albans Hertfordshire AL3 8BT",129,Dacorum,https://www.planit.org.uk/planapplic/Dacorum/24/01710/RET/,,
Sells Close House High Street Barley Hertfordshire SG8 8HY,132,North Hertfordshire,https://www.planit.org.uk/planapplic/NorthHertfordshire/24/01564/FPH/,,
Kirby Manor Farm Northfield Road Ashwell Baldock Hertfordshire SG7 5JQ,132,North Hertfordshire,https://www.planit.org.uk/planapplic/NorthHertfordshire/24/01570/PNQ/,,
3 Roundwood Drive Welwyn Garden City AL8 7JZ,137,Welwyn Hatfield,https://www.planit.org.uk/planapplic/WelwynHatfield/6/2024/1430/EM/,,
Winch Hill House Winch Hill Road Luton Hertfordshire LU2 8PB,132,North Hertfordshire,https://www.planit.org.uk/planapplic/NorthHertfordshire/24/01368/LDCP/,,
10 Baldock Road Letchworth Garden City Hertfordshire SG6 3LB,132,North Hertfordshire,https://www.planit.org.uk/planapplic/NorthHertfordshire/24/01665/TCA/,,
28 Baron Court Stevenage Herts SG1 4RR,134,Stevenage,https://www.planit.org.uk/planapplic/Stevenage/24/00538/FPH/,,
32 Cowper Crescent Hertford Hertfordshire SG14 3DZ,130,East Hertfordshire,https://www.planit.org.uk/planapplic/EastHertfordshire/3/24/1402/HH/,,
Cole Green Barn Cole Green Way Hertingfordbury Hertford SG14 2LF,130,East Hertfordshire,https://www.planit.org.uk/planapplic/EastHertfordshire/X/24/0320/CND/,,
21a Deards End Lane Knebworth Hertfordshire SG3 6NL,132,North Hertfordshire,https://www.planit.org.uk/planapplic/NorthHertfordshire/24/01664/FPH/,,
6 Parklands Hemel Hempstead Hertfordshire HP1 3SJ,129,Dacorum,https://www.planit.org.uk/planapplic/Dacorum/24/01711/FHA/,,
Reading Room 12 High Street Barkway Royston Hertfordshire SG8 8EE,132,North Hertfordshire,https://www.planit.org.uk/planapplic/NorthHertfordshire/24/01543/LBC/,,
Danes Farm Stables Little Berkhamsted Lane Little Berkhamsted Hertfordshire SG13 8LU,130,East Hertfordshire,https://www.planit.org.uk/planapplic/EastHertfordshire/X/24/0317/CND/,,
78 Devereux Drive Watford WD17 3DE,136,Watford,https://www.planit.org.uk/planapplic/Watford/24/00720/TPO/,,
11 Station Road Baldock Hertfordshire SG7 5BU,132,North Hertfordshire,https://www.planit.org.uk/planapplic/NorthHertfordshire/24/01671/S73/,,
1 Passingham Avenue Hitchin Hertfordshire SG4 9LA,132,North Hertfordshire,https://www.planit.org.uk/planapplic/NorthHertfordshire/24/01579/FPH/,,
4 Coach Drive Hitchin Hertfordshire SG4 9AP,132,North Hertfordshire,https://www.planit.org.uk/planapplic/NorthHertfordshire/24/01672/TPO/,,
Radcliffe House Tilehouse Street Hitchin Hertfordshire SG5 2DW,132,North Hertfordshire,https://www.planit.org.uk/planapplic/NorthHertfordshire/24/01669/PNMA/,,
Bedmond Sports Pavilion Toms Lane Kings Langley Hertfordshire WD5 0RB,135,Three Rivers,https://www.planit.org.uk/planapplic/ThreeRivers/24/1202/FUL/,,
1A Seabrook Road Kings Langley Hertfordshire WD4 8NU,135,Three Rivers,https://www.planit.org.uk/planapplic/ThreeRivers/24/1204/TPO/,,
27 Bedford Road Ickleford Hitchin Hertfordshire SG5 3XH,132,North Hertfordshire,https://www.planit.org.uk/planapplic/NorthHertfordshire/24/01661/DOC/,,
Piggotts Farm Albury End Albury Hertfordshire SG11 2HS,130,East Hertfordshire,https://www.planit.org.uk/planapplic/EastHertfordshire/3/24/1405/CLPO/,,
Little Patchetts 72 Hilfield Lane Aldenham Watford Hertfordshire WD25 8AJ,131,Hertsmere,https://www.planit.org.uk/planapplic/Hertsmere/24/0980/LBC/,,
1 Vardon Drive Bishops Stortford Hertfordshire CM23 5FT,130,East Hertfordshire,https://www.planit.org.uk/planapplic/EastHertfordshire/3/24/1399/HH/,,
1 Brockswood Lane Welwyn Garden City AL8 7BA,137,Welwyn Hatfield,https://www.planit.org.uk/planapplic/WelwynHatfield/6/2024/1432/TC/,,
Kemps Close Hare Street Hertfordshire SG9 0DZ,130,East Hertfordshire,https://www.planit.org.uk/planapplic/EastHertfordshire/3/24/1408/CLPO/,,
30 Bayford Green Bayford Hertfordshire SG13 8PU,130,East Hertfordshire,https://www.planit.org.uk/planapplic/EastHertfordshire/3/24/1403/CLEO/,,
Caldbec Troutstream Way Loudwater Rickmansworth Hertfordshire WD3 4JN,135,Three Rivers,https://www.planit.org.uk/planapplic/ThreeRivers/24/1203/FUL/,,
116 Hillcroft Crescent Oxhey Hall Watford Hertfordshire WD19 4NZ,135,Three Rivers,https://www.planit.org.uk/planapplic/ThreeRivers/24/1221/DDD/,,
The Old Courtyard 39C Queens Avenue Watford WD18 7NU,136,Watford,https://www.planit.org.uk/planapplic/Watford/24/00708/FUL/,,
23 Ardross Avenue Northwood HA6 3DS,135,Three Rivers,https://www.planit.org.uk/planapplic/ThreeRivers/24/1205/FUL/,,
15 Lingfield Way Watford WD17 4UW,136,Watford,https://www.planit.org.uk/planapplic/Watford/24/00719/FULH/,,
Richmond Square Hicks Road Markyate St Albans Hertfordshire AL3 8FL,129,Dacorum,https://www.planit.org.uk/planapplic/Dacorum/24/01705/DRC/,,
Quercus Cottage Tinkers Lane Wigginton Tring Hertfordshire HP23 6JB,129,Dacorum,https://www.planit.org.uk/planapplic/Dacorum/24/01707/FHA/,,
58 Wayside Avenue Bushey Hertfordshire WD23 4SQ,131,Hertsmere,https://www.planit.org.uk/planapplic/Hertsmere/24/0982/HSE/,,
244 Horseshoe Lane Watford WD25 7JQ,136,Watford,https://www.planit.org.uk/planapplic/Watford/24/00721/NONMAT/,,
1 Beehive Way Stevenage Herts SG2 9TQ,134,Stevenage,https://www.planit.org.uk/planapplic/Stevenage/24/00536/CLPD/,,
15 The Byway Potters Bar Hertfordshire EN6 2LN,131,Hertsmere,https://www.planit.org.uk/planapplic/Hertsmere/24/0976/HSE/,,
Chipping House Chipping Hertfordshire SG9 0PG,130,East Hertfordshire,https://www.planit.org.uk/planapplic/EastHertfordshire/X/24/0314/CND/,,
Elders The Clump Rickmansworth Hertfordshire WD3 4BD,135,Three Rivers,https://www.planit.org.uk/planapplic/ThreeRivers/24/1194/FUL/,,
44 Attimore Road Welwyn Garden City AL8 6LP,137,Welwyn Hatfield,https://www.planit.org.uk/planapplic/WelwynHatfield/6/2024/1421/EMT/,,
"Bernards Heath Infants School, 154 Sandridge Road, St Albans, Hertfordshire, AL1 4AP",337,Hertfordshire,https://www.planit.org.uk/planapplic/Hertfordshire/PL/0418/24/,,
The Bull Inn High Street Much Hadham Hertfordshire SG10 6BU,130,East Hertfordshire,https://www.planit.org.uk/planapplic/EastHertfordshire/X/24/0313/CND/,,
Windyridge Farm Bramfield Road Hertford Hertfordshire SG14 2HZ,130,East Hertfordshire,https://www.planit.org.uk/planapplic/EastHertfordshire/3/24/1397/CLXU/,,
The Cat And Fiddle 14 Cobden Hill Radlett Hertfordshire WD7 7JR,131,Hertsmere,https://www.planit.org.uk/planapplic/Hertsmere/24/0978/MA/,,
The Bull Inn High Street Much Hadham Hertfordshire SG10 6BU,130,East Hertfordshire,https://www.planit.org.uk/planapplic/EastHertfordshire/X/24/0330/CND/,,
The Bull Inn High Street Much Hadham Hertfordshire SG10 6BU,130,East Hertfordshire,https://www.planit.org.uk/planapplic/EastHertfordshire/X/24/0329/CND/,,
10 Railway Street Hertford Hertfordshire SG14 1BG,130,East Hertfordshire,https://www.planit.org.uk/planapplic/EastHertfordshire/3/24/1396/LBC/,,
29 Broadwater Road Welwyn Garden City AL7 3BQ,137,Welwyn Hatfield,https://www.planit.org.uk/planapplic/WelwynHatfield/6/2024/1425/COND/,,
"159 Turners Hill, Cheshunt, Hertfordshire, EN8 9BH",128,Broxbourne,https://www.planit.org.uk/planapplic/Broxbourne/07/24/0628/DRC/,,
10 Railway Street Hertford Hertfordshire SG14 1BG,130,East Hertfordshire,https://www.planit.org.uk/planapplic/EastHertfordshire/3/24/1395/FUL/,,
10 Railway Street Hertford Hertfordshire SG14 1BG,130,East Hertfordshire,https://www.planit.org.uk/planapplic/EastHertfordshire/3/24/1392/ADV/,,
Annexe At Cuckoo Hall 73 Park Lane Old Knebworth Hertfordshire SG3 6PP,132,North Hertfordshire,https://www.planit.org.uk/planapplic/NorthHertfordshire/24/01662/LDCE/,,
177 Grange Road Letchworth Garden City Hertfordshire SG6 4LP,132,North Hertfordshire,https://www.planit.org.uk/planapplic/NorthHertfordshire/24/01529/FPH/,,
Annexe Green Hedges Templepan Lane Chandlers Cross Rickmansworth Hertfordshire WD3 4NH,135,Three Rivers,https://www.planit.org.uk/planapplic/ThreeRivers/24/1193/FUL/,,
Croxley Hall Farm Lavrock Lane Croxley Hall Croxley Green Rickmansworth Hertfordshire WD3 3BQ,135,Three Rivers,https://www.planit.org.uk/planapplic/ThreeRivers/24/1197/DIS/,,
58 Stortford Hall Park Bishops Stortford Hertfordshire CM23 5AN,130,East Hertfordshire,https://www.planit.org.uk/planapplic/EastHertfordshire/3/24/1391/CLPO/,,
White Gates Shire Lane Chorleywood Rickmansworth Hertfordshire WD3 5NT,135,Three Rivers,https://www.planit.org.uk/planapplic/ThreeRivers/24/1192/TPO/,,
3 Pennyfathers Lane Welwyn AL6 0EN,137,Welwyn Hatfield,https://www.planit.org.uk/planapplic/WelwynHatfield/6/2024/1423/COND/,,
5 Christie Road Stevenage Herts SG2 0NT,134,Stevenage,https://www.planit.org.uk/planapplic/Stevenage/24/00529/HPA/,,
7 The Forum Town Centre Stevenage Herts SG1 1ES,134,Stevenage,https://www.planit.org.uk/planapplic/Stevenage/24/00535/NMA/,,
18 The Avenue Hertford Hertfordshire SG14 3DR,130,East Hertfordshire,https://www.planit.org.uk/planapplic/EastHertfordshire/3/24/1389/HH/,,
Clements Farm Brickendon Lane Brickendon Hertfordshire SG13 8FG,130,East Hertfordshire,https://www.planit.org.uk/planapplic/EastHertfordshire/3/24/1394/FUL/,,
14 Lower Sean Stevenage Herts SG2 9XN,134,Stevenage,https://www.planit.org.uk/planapplic/Stevenage/24/00528/FP/,,
55 Frankland Road Croxley Green Rickmansworth Hertfordshire WD3 3AS,135,Three Rivers,https://www.planit.org.uk/planapplic/ThreeRivers/24/1199/FUL/,,
176 Handside Lane Welwyn Garden City AL8 6SZ,137,Welwyn Hatfield,https://www.planit.org.uk/planapplic/WelwynHatfield/6/2024/1419/TC/,,
21 Mendip Way Hemel Hempstead Hertfordshire HP2 5QY,129,Dacorum,https://www.planit.org.uk/planapplic/Dacorum/24/01702/FHA/,,
54 The Avenue Watford WD17 4NX,136,Watford,https://www.planit.org.uk/planapplic/Watford/24/00707/FULH/,,
Advanced Autos Park Avenue Bushey Hertfordshire WD23 2GD,131,Hertsmere,https://www.planit.org.uk/planapplic/Hertsmere/24/0979/FUL/,,
11 Willian Way Letchworth Garden City Hertfordshire SG6 2HQ,132,North Hertfordshire,https://www.planit.org.uk/planapplic/NorthHertfordshire/24/01656/S73/,,
Astley Cooper School St Agnells Lane Hemel Hempstead Hertfordshire HP2 7HL,129,Dacorum,https://www.planit.org.uk/planapplic/Dacorum/24/01703/TPO/,,
Land south-west of Filbert Close Hatfield AL10 9SH,137,Welwyn Hatfield,https://www.planit.org.uk/planapplic/WelwynHatfield/6/2024/1428/COND/,,
15 The Byway Potters Bar Hertfordshire EN6 2LN,131,Hertsmere,https://www.planit.org.uk/planapplic/Hertsmere/24/0970/CLP/,,
100 London Road Hemel Hempstead Hertfordshire HP3 9SD,129,Dacorum,https://www.planit.org.uk/planapplic/Dacorum/24/01701/DRC/,,
4 Londrina Terrace Berkhamsted Hertfordshire HP4 2NA,129,Dacorum,https://www.planit.org.uk/planapplic/Dacorum/24/01691/TCA/,,
6 Doctors Commons Road Berkhamsted Hertfordshire HP4 3DW,129,Dacorum,https://www.planit.org.uk/planapplic/Dacorum/24/01692/TCA/,,
Land East Of Stevenage (EOS1) Gresley Way Stevenage,130,East Hertfordshire,https://www.planit.org.uk/planapplic/EastHertfordshire/X/24/0310/CND/,,
61 Ware Road Hertford Hertfordshire SG13 7ED,130,East Hertfordshire,https://www.planit.org.uk/planapplic/EastHertfordshire/3/24/1387/HH/,,
45 Croxdale Road Borehamwood Hertfordshire WD6 4QE,131,Hertsmere,https://www.planit.org.uk/planapplic/Hertsmere/24/0968/HSE/,,
112 Fore Street Hertford Hertfordshire SG14 1AB,130,East Hertfordshire,https://www.planit.org.uk/planapplic/EastHertfordshire/3/24/1381/FUL/,,
112 Fore Street Hertford Hertfordshire SG14 1AB,130,East Hertfordshire,https://www.planit.org.uk/planapplic/EastHertfordshire/3/24/1382/LBC/,,
16 Greenhills Ware Hertfordshire SG12 0XG,130,East Hertfordshire,https://www.planit.org.uk/planapplic/EastHertfordshire/3/24/1385/CLPO/,,
Land East Of Stevenage (EOS1) Gresley Way Stevenage,130,East Hertfordshire,https://www.planit.org.uk/planapplic/EastHertfordshire/X/24/0311/CND/,,
20 Vicarage Close Standon Hertfordshire SG11 1QP,130,East Hertfordshire,https://www.planit.org.uk/planapplic/EastHertfordshire/3/24/1390/HH/,,
The Oaks Ginns Road Stocking Pelham Hertfordshire SG9 0JD,130,East Hertfordshire,https://www.planit.org.uk/planapplic/EastHertfordshire/3/24/1384/CLPO/,,
55 Woodfield Rise Bushey Hertfordshire WD23 4QR,131,Hertsmere,https://www.planit.org.uk/planapplic/Hertsmere/24/0972/HSE/,,
53 Manor Crescent Hitchin Hertfordshire SG4 9NA,132,North Hertfordshire,https://www.planit.org.uk/planapplic/NorthHertfordshire/24/01653/FPH/,,
4 Town Lane Benington Hertfordshire SG2 7LA,130,East Hertfordshire,https://www.planit.org.uk/planapplic/EastHertfordshire/X/24/0308/CND/,,
55 Woodfield Rise Bushey Hertfordshire WD23 4QR,131,Hertsmere,https://www.planit.org.uk/planapplic/Hertsmere/24/0971/HSE/,,
35 Ayr Close Stevenage Herts SG1 5RZ,134,Stevenage,https://www.planit.org.uk/planapplic/Stevenage/24/00527/FPH/,,
Land Opposite 1-16 Catherine House And Adjacent To 132A Gosforth Lane South Oxhey Hertfordshire WD19 7BX,135,Three Rivers,https://www.planit.org.uk/planapplic/ThreeRivers/24/1186/PDNT/,,
Flintfield 6 Badgers Croft Hemel Hempstead Hertfordshire HP2 4NE,129,Dacorum,https://www.planit.org.uk/planapplic/Dacorum/24/01700/FHA/,,
4 Town Lane Benington Hertfordshire SG2 7LA,130,East Hertfordshire,https://www.planit.org.uk/planapplic/EastHertfordshire/3/24/1386/VAR/,,
58 Bridge Road Welwyn Garden City AL8 6UR,137,Welwyn Hatfield,https://www.planit.org.uk/planapplic/WelwynHatfield/6/2024/1418/EM/,,
34 Gallows Hill Lane Abbots Langley Hertfordshire WD5 0DA,135,Three Rivers,https://www.planit.org.uk/planapplic/ThreeRivers/24/1189/FUL/,,
Caldbec Troutstream Way Loudwater Rickmansworth Hertfordshire WD3 4JN,135,Three Rivers,https://www.planit.org.uk/planapplic/ThreeRivers/24/1184/TCA/,,
97 Hampermill Lane Oxhey Hall Watford Hertfordshire WD19 4NX,135,Three Rivers,https://www.planit.org.uk/planapplic/ThreeRivers/24/1185/FUL/,,
Grasshopper House 2 - 4 The Parade High Street Watford,136,Watford,https://www.planit.org.uk/planapplic/Watford/24/00705/FUL/,,
28 On The Hill Carpenders Park Watford Hertfordshire WD19 5DR,135,Three Rivers,https://www.planit.org.uk/planapplic/ThreeRivers/24/1187/FUL/,,
47 The Stewarts Bishops Stortford Hertfordshire CM23 2NU,130,East Hertfordshire,https://www.planit.org.uk/planapplic/EastHertfordshire/3/24/1379/HH/,,
37 Studio Way Borehamwood Hertfordshire WD6 5NN,131,Hertsmere,https://www.planit.org.uk/planapplic/Hertsmere/24/0974/HSE/,,
Land East Of Stevenage (EOS1) Gresley Way Stevenage,130,East Hertfordshire,https://www.planit.org.uk/planapplic/EastHertfordshire/X/24/0309/CND/,,
34 The Copse Hemel Hempstead Hertfordshire HP1 2TA,129,Dacorum,https://www.planit.org.uk/planapplic/Dacorum/24/01693/FHA/,,
Priory Court Stevenage Road Hitchin Hertfordshire SG4 9DJ,132,North Hertfordshire,https://www.planit.org.uk/planapplic/NorthHertfordshire/24/01652/TPO/,,
96 Wolsey Road Moor Park Northwood Hertfordshire HA6 2EH,135,Three Rivers,https://www.planit.org.uk/planapplic/ThreeRivers/24/1188/FUL/,,
3 Staff Houses Crouchfield Lane Chapmore End Hertfordshire SG12 0HE,130,East Hertfordshire,https://www.planit.org.uk/planapplic/EastHertfordshire/3/24/1378/HH/,,
St Clement Danes School Chenies Road Chorleywood Rickmansworth Hertfordshire WD3 6EW,135,Three Rivers,https://www.planit.org.uk/planapplic/ThreeRivers/24/1183/PDNE/,,
195 Whitehill Road Hitchin Hertfordshire SG4 9HY,132,North Hertfordshire,https://www.planit.org.uk/planapplic/NorthHertfordshire/24/01521/FPH/,,
29 Warren Close Hatfield AL10 0AL,137,Welwyn Hatfield,https://www.planit.org.uk/planapplic/WelwynHatfield/6/2024/1417/LAWP/,,
Land Adjacent To Shantock Cottage Shantock Lane Bovingdon Hemel Hempstead Hertfordshire HP3 0NG,129,Dacorum,https://www.planit.org.uk/planapplic/Dacorum/24/01690/FUL/,,
28 Langley Hill Kings Langley Hertfordshire WD4 9HE,129,Dacorum,https://www.planit.org.uk/planapplic/Dacorum/24/01682/ROC/,,
2 Church View Long Marston Tring Hertfordshire HP23 4QB,129,Dacorum,https://www.planit.org.uk/planapplic/Dacorum/24/01689/TCA/,,
Fryth View Vicarage Road Potten End Berkhamsted Hertfordshire HP4 2RA,129,Dacorum,https://www.planit.org.uk/planapplic/Dacorum/24/01678/NMA/,,
1 Cedar Road Hatfield AL10 8NZ,137,Welwyn Hatfield,https://www.planit.org.uk/planapplic/WelwynHatfield/6/2024/1413/HOUSE/,,
1 Raglan House Kilfillan Gardens Berkhamsted Hertfordshire HP4 3LU,129,Dacorum,https://www.planit.org.uk/planapplic/Dacorum/24/01677/TPO/,,
16 The Warren Royston Hertfordshire SG8 9EG,132,North Hertfordshire,https://www.planit.org.uk/planapplic/NorthHertfordshire/24/01502/FPH/,,
56B West Valley Road Hemel Hempstead Hertfordshire HP3 0AW,129,Dacorum,https://www.planit.org.uk/planapplic/Dacorum/24/01676/FHA/,,
10 Souberie Avenue Letchworth Garden City Hertfordshire SG6 3JA,132,North Hertfordshire,https://www.planit.org.uk/planapplic/NorthHertfordshire/24/01645/TCA/,,
53 Shrublands Avenue Berkhamsted Hertfordshire HP4 3JQ,129,Dacorum,https://www.planit.org.uk/planapplic/Dacorum/24/01675/FHA/,,
11 Askew Road Moor Park Northwood Hertfordshire HA6 2JE,135,Three Rivers,https://www.planit.org.uk/planapplic/ThreeRivers/24/1191/DDD/,,
31 Lower Park Crescent Bishops Stortford Hertfordshire CM23 3PU,130,East Hertfordshire,https://www.planit.org.uk/planapplic/EastHertfordshire/3/24/1373/HH/,,
14A Station Road Bishops Stortford Hertfordshire CM23 3BL,130,East Hertfordshire,https://www.planit.org.uk/planapplic/EastHertfordshire/3/24/1374/FUL/,,
6A Broad Green Wood Bayford Hertfordshire SG13 8PS,130,East Hertfordshire,https://www.planit.org.uk/planapplic/EastHertfordshire/3/24/1375/HH/,,
41 Thornbury Gardens Borehamwood Hertfordshire WD6 1RB,131,Hertsmere,https://www.planit.org.uk/planapplic/Hertsmere/24/0963/HSE/,,
16 Pitsfield Welwyn Garden City AL8 7SJ,137,Welwyn Hatfield,https://www.planit.org.uk/planapplic/WelwynHatfield/6/2024/1411/EM/,,
5 Whaley Road Potters Bar Hertfordshire EN6 2RA,131,Hertsmere,https://www.planit.org.uk/planapplic/Hertsmere/24/0965/HSE/,,
72 Brookdene Avenue Oxhey Hall Watford Hertfordshire WD19 4LF,135,Three Rivers,https://www.planit.org.uk/planapplic/ThreeRivers/24/1181/TPO/,,
Warwick Place Warwick Road Borehamwood Hertfordshire,131,Hertsmere,https://www.planit.org.uk/planapplic/Hertsmere/24/0967/FUL/,,
18 Oakroyd Close Potters Bar Hertfordshire EN6 2EW,131,Hertsmere,https://www.planit.org.uk/planapplic/Hertsmere/24/0964/HSE/,,
Wareside Lodge Ware Road Wareside Hertfordshire SG12 7RB,130,East Hertfordshire,https://www.planit.org.uk/planapplic/EastHertfordshire/X/24/0307/CND/,,
5 Upper Green Ickleford Hitchin Hertfordshire SG5 3YG,132,North Hertfordshire,https://www.planit.org.uk/planapplic/NorthHertfordshire/24/01550/LDCP/,,
39 Home Way Mill End Rickmansworth Hertfordshire WD3 8QL,135,Three Rivers,https://www.planit.org.uk/planapplic/ThreeRivers/24/1180/FUL/,,
Land To The North And East Of Great Wymondley Arch Road Great Wymondley Hertfordshire,132,North Hertfordshire,https://www.planit.org.uk/planapplic/NorthHertfordshire/24/01648/DOC/,,
Land To The North And East Of Great Wymondley Arch Road Great Wymondley Hertfordshire,132,North Hertfordshire,https://www.planit.org.uk/planapplic/NorthHertfordshire/24/01649/DOC/,,
The Settlement 229 Nevells Road Letchworth Garden City Hertfordshire SG6 4UB,132,North Hertfordshire,https://www.planit.org.uk/planapplic/NorthHertfordshire/24/01642/TCA/,,
27 Morton Street Royston Hertfordshire SG8 7AZ,132,North Hertfordshire,https://www.planit.org.uk/planapplic/NorthHertfordshire/24/01538/FPH/,,
1 Northaw Place Coopers Lane Northaw Potters Bar EN6 4NQ,137,Welwyn Hatfield,https://www.planit.org.uk/planapplic/WelwynHatfield/6/2024/1407/HOUSE/,,
49 Redhoods Way West Letchworth Garden City Hertfordshire SG6 4DD,132,North Hertfordshire,https://www.planit.org.uk/planapplic/NorthHertfordshire/24/01644/FPH/,,
Land To The North And East Of Great Wymondley Arch Road Great Wymondley Hertfordshire,132,North Hertfordshire,https://www.planit.org.uk/planapplic/NorthHertfordshire/24/01647/DOC/,,
15 The Crescent Welwyn AL6 9JG,137,Welwyn Hatfield,https://www.planit.org.uk/planapplic/WelwynHatfield/6/2024/1414/HOUSE/,,
"34 Hallmores, Broxbourne, Hertfordshire, EN10 7LL",128,Broxbourne,https://www.planit.org.uk/planapplic/Broxbourne/07/24/0625/HF/,,
"18 Churchfields, Broxbourne, Hertfordshire, EN10 7JS",128,Broxbourne,https://www.planit.org.uk/planapplic/Broxbourne/07/24/0627/LB/,,
"204 High Road, Broxbourne, Hertfordshire, EN10 6QF",128,Broxbourne,https://www.planit.org.uk/planapplic/Broxbourne/07/24/0624/HF/,,
24 Selwyn Avenue Hatfield AL10 9NP,137,Welwyn Hatfield,https://www.planit.org.uk/planapplic/WelwynHatfield/6/2024/1406/HOUSE/,,
57 Periwinkle Lane Hitchin Hertfordshire SG5 1TZ,132,North Hertfordshire,https://www.planit.org.uk/planapplic/NorthHertfordshire/24/01646/FPH/,,
"2 Churchfield Path, Cheshunt, Hertfordshire, EN8 9EG",128,Broxbourne,https://www.planit.org.uk/planapplic/Broxbourne/07/24/0626/HF/,,
HS2 Construction Site West Of A412 Denham Way Chalfont Lane West Hyde Hertfordshire,135,Three Rivers,https://www.planit.org.uk/planapplic/ThreeRivers/24/1190/HS2/,,
147 Jackmans Place Letchworth Garden City Hertfordshire SG6 1RG,132,North Hertfordshire,https://www.planit.org.uk/planapplic/NorthHertfordshire/24/01650/TCA/,,
Land To The North And East Of Great Wymondley Arch Road Great Wymondley Hertfordshire,132,North Hertfordshire,https://www.planit.org.uk/planapplic/NorthHertfordshire/24/01721/DOC/,,
106 Elstree Road Bushey Heath Bushey Hertfordshire WD23 4GQ,131,Hertsmere,https://www.planit.org.uk/planapplic/Hertsmere/24/0957/TPO/,,
Land Adjacent To Oaklea And South Of Cowards Lane Codicote Hertfordshire SG4 8UN,132,North Hertfordshire,https://www.planit.org.uk/planapplic/NorthHertfordshire/24/01635/DOC/,,
12 Brockswood Lane Welwyn Garden City AL8 7BG,137,Welwyn Hatfield,https://www.planit.org.uk/planapplic/WelwynHatfield/6/2024/1405/EM/,,
Ardeley Bury Ardeley Hertfordshire SG2 7AF,130,East Hertfordshire,https://www.planit.org.uk/planapplic/EastHertfordshire/3/24/1371/FUL/,,
47 Greenwood Gardens Shenley Radlett Hertfordshire WD7 9LF,131,Hertsmere,https://www.planit.org.uk/planapplic/Hertsmere/24/0959/HSE/,,
11 Rutherford Way Bushey Heath Bushey Hertfordshire WD23 1NJ,131,Hertsmere,https://www.planit.org.uk/planapplic/Hertsmere/24/0958/HSE/,,
93 Heathfield Road Hitchin Hertfordshire SG5 1TD,132,North Hertfordshire,https://www.planit.org.uk/planapplic/NorthHertfordshire/24/01393/FPH/,,
16 Russell Road Moor Park Northwood Hertfordshire HA6 2LL,135,Three Rivers,https://www.planit.org.uk/planapplic/ThreeRivers/24/1174/DIS/,,
Greenfield Primary School Ellesborough Close South Oxhey Watford Hertfordshire WD19 6QH,135,Three Rivers,https://www.planit.org.uk/planapplic/ThreeRivers/24/1168/FUL/,,
4 Black Lion Hill Shenley Radlett Hertfordshire WD7 9DE,131,Hertsmere,https://www.planit.org.uk/planapplic/Hertsmere/24/0955/HSE/,,
54 Bateman Road Croxley Green Rickmansworth Hertfordshire WD3 3BL,135,Three Rivers,https://www.planit.org.uk/planapplic/ThreeRivers/24/1172/FUL/,,
28A Priory Close Royston Hertfordshire SG8 7DU,132,North Hertfordshire,https://www.planit.org.uk/planapplic/NorthHertfordshire/24/01563/FPH/,,
The Swan Foyer 137 - 139 High Street Berkhamsted Hertfordshire HP4 3HH,129,Dacorum,https://www.planit.org.uk/planapplic/Dacorum/24/01674/LBC/,,
38 Oxhey Road Watford WD19 4QQ,136,Watford,https://www.planit.org.uk/planapplic/Watford/24/00701/FULH/,,
44 Upper Tilehouse Street Hitchin Hertfordshire SG5 2EE,132,North Hertfordshire,https://www.planit.org.uk/planapplic/NorthHertfordshire/24/01327/TCA/,,
38 Oxhey Road Watford WD19 4QQ,136,Watford,https://www.planit.org.uk/planapplic/Watford/24/00700/LDC/,,
3 Hagsdell Road Hertford Hertfordshire SG13 8AG,130,East Hertfordshire,https://www.planit.org.uk/planapplic/EastHertfordshire/X/24/0305/CND/,,
